id,title_id,real_name,character_name,role
1,1,Ronny Roberts,Skiles,
2,1,Shanny Gorczany,Beahan,Director
3,1,Heidi Baumbach,,Actress
4,1,Vena Brakus,Frami,Music Composer
5,2,Augustus Treutel,Klein,Costume Designer
6,2,Dave O'Conner,Bergstrom,Film Editor
7,2,Izabella Shields,Kassulke,Costume Designer
8,2,Armand Prosacco,Yost,Producer
9,2,Tony McCullough,Parisian,Cinematographer
10,3,Karen Graham,Batz,Actress
11,4,Summer Macejkovic,Fahey,Producer
12,4,,Cummerata,Screenwriter
13,4,Cooper Fay,Boyle,Music Composer
14,4,Mellie Kling,,Production Designer
15,4,Bernadine Huels,Daugherty,Actor
16,5,Jett Pfannerstill,Haley,Production Designer
17,5,Chelsea Runte,Murazik,Production Designer
18,6,,Kub,Cinematographer
19,6,Donald Considine,Heidenreich,Costume Designer
20,6,,Huels,
21,7,Albina Stark,,Producer
22,7,Austen Ratke,Pouros,Actress
23,7,Payton Effertz,Shanahan,Screenwriter
24,7,,O'Kon,
25,8,Antone Abshire,,Film Editor
26,8,Estrella Schneider,,
27,8,Kamille Gerlach,Schmitt,
28,8,,Jacobi,Actress
29,8,Jerry Friesen,,Music Composer
30,9,Lonie Jast,Beatty,Cinematographer
31,9,Percy Ritchie,,Production Designer
32,9,Lilliana Jenkins,Gulgowski,Actor
33,9,Daisha Schuster,Schumm,Music Composer
34,9,Sheldon Muller,Strosin,Actress
35,10,Chet Streich,Klein,Cinematographer
36,10,Alanna Hoeger,Bashirian,Producer
37,11,Lillian Hahn,Carroll,Cinematographer
38,11,Brett Schinner,Klocko,Producer
39,12,Mustafa Ward,Bradtke,Actress
40,12,Daisy Kihn,Heidenreich,Director
41,12,Nicholaus Stark,Kerluke,
42,12,Kristin Mante,,Costume Designer
43,12,Maudie Christiansen,Frami,Director
44,13,Emmalee Haag,Bauch,Cinematographer
45,13,Hollis Runte,Zieme,Cinematographer
46,13,Chanel Macejkovic,Dickens,Costume Designer
47,13,,Smitham,Cinematographer
48,14,Ottis Windler,Bergstrom,Music Composer
49,14,,Larson,
50,14,Eddie Halvorson,Cassin,
51,14,Nicklaus Kohler,Shanahan,Actress
52,15,Steve Lueilwitz,Powlowski,
53,15,,,Actor
54,15,Dolores Bahringer,Nicolas,Costume Designer
55,16,Napoleon Oberbrunner,Becker,Producer
56,16,Erika Kertzmann,Ruecker,Screenwriter
57,16,Marilyne Watsica,Cremin,Cinematographer
58,16,,,Actor
59,16,Erica Sauer,Barton,Music Composer
60,17,Odell Ankunding,Luettgen,Music Composer
61,17,Damien Gerhold,O'Keefe,Actress
62,17,Lavon Boehm,Schuppe,
63,17,Jeff Labadie,,Film Editor
64,18,,Price,Costume Designer
65,19,Arden Russel,Rath,Screenwriter
66,19,,McDermott,Cinematographer
67,19,Elmo Yost,Block,Screenwriter
68,20,Korey Greenfelder,Krajcik,Costume Designer
69,21,Rick Schmitt,Schroeder,Film Editor
70,21,Andreane Tillman,,Cinematographer
71,21,Elta Volkman,,
72,22,Rhianna Osinski,Koch,Actor
73,22,,Herzog,Film Editor
74,23,Heloise Barton,Stark,Costume Designer
75,23,,,Screenwriter
76,23,,,Cinematographer
77,23,,Jones,Director
78,24,Hellen Mitchell,Hoeger,Actress
79,24,,Hudson,Film Editor
80,24,,Crooks,
81,25,Claudie Dibbert,Farrell,Cinematographer
82,25,Caesar Gorczany,Rutherford,Cinematographer
83,25,Rogelio Nader,,Cinematographer
84,25,Jessy Howell,,Costume Designer
85,25,Zander Lang,,
86,26,Ervin Conn,Spencer,Film Editor
87,26,,,Costume Designer
88,26,Marian Brakus,Swaniawski,Cinematographer
89,27,,Bailey,Music Composer
90,27,,Lubowitz,
91,28,Antonette Bernier,,Screenwriter
92,28,Kristopher Terry,Rogahn,Actress
93,28,Kellen Spinka,Little,Cinematographer
94,28,Sean Weimann,Bradtke,Production Designer
95,28,Eugenia McGlynn,Hintz,Screenwriter
96,29,,Mills,Director
97,29,Santiago Crona,Kshlerin,Music Composer
98,30,,,Screenwriter
99,30,Romaine Balistreri,Conroy,Producer
100,30,Aimee Rempel,,Producer
101,31,Claudia Schuppe,Dibbert,Screenwriter
102,31,Joshua Brakus,Kirlin,Director
103,31,Donnell O'Connell,Pagac,Actor
104,32,,,Screenwriter
105,32,Mertie Marks,,Producer
106,32,Leora Abbott,Schmitt,Music Composer
107,32,Guillermo Parisian,Schoen,Producer
108,32,Lori Kozey,Bahringer,Actress
109,33,Fredy Orn,Mohr,Film Editor
110,33,Allie Dicki,Parker,Director
111,33,Maggie Lowe,Jaskolski,Cinematographer
112,33,Gonzalo Harvey,Hahn,Costume Designer
113,33,,Bayer,Production Designer
114,34,Nikita Howe,Daugherty,Costume Designer
115,34,Jon Labadie,Gutkowski,Actor
116,34,Kali Blanda,Jakubowski,Director
117,34,,,Costume Designer
118,34,,Hahn,Production Designer
119,35,Alverta Deckow,Skiles,
120,35,Aditya Marvin,Schimmel,Production Designer
121,36,Amelie Conn,Spencer,Cinematographer
122,36,Isidro Buckridge,Bogan,Actress
123,36,Jerome Reichert,Effertz,Director
124,36,Rowland Schmidt,Turner,Costume Designer
125,37,,Zboncak,Screenwriter
126,37,,Lesch,Production Designer
127,37,,,Actress
128,37,,Padberg,Producer
129,38,Mandy Larkin,Fadel,Screenwriter
130,38,,Howe,Screenwriter
131,38,Guadalupe Renner,Grimes,Cinematographer
132,38,Janice Mueller,,
133,38,,Harber,
134,39,,Upton,Costume Designer
135,39,Roxane Wolff,Rempel,Producer
136,40,Tyler Schowalter,Prosacco,Producer
137,41,,Howell,Cinematographer
138,41,Gussie Reynolds,,
139,41,Frederik Hodkiewicz,Weissnat,Actress
140,42,Denis Stamm,Goodwin,Actress
141,42,,,Music Composer
142,42,Annamarie Gusikowski,Powlowski,Film Editor
143,42,Weldon Beer,Satterfield,
144,42,,Barton,Costume Designer
145,43,Karianne Kemmer,Russel,Director
146,43,Sasha Lowe,,Music Composer
147,43,,Jacobs,Producer
148,43,Sydnee Goodwin,Haley,Production Designer
149,43,Lynn Lang,Boyle,Actress
150,44,Marcelina Gerhold,,Director
151,44,Branson Nikolaus,,Costume Designer
152,44,Zetta McGlynn,Parisian,Director
153,44,Darwin Harris,Haag,Film Editor
154,44,Noble Pagac,Lind,Actress
155,45,,Champlin,Director
156,45,Raheem Armstrong,Maggio,Actor
157,45,Eleonore Wehner,Kemmer,
158,46,,Schulist,
159,46,Jayce Davis,Hayes,Screenwriter
160,46,Miles Jast,Daniel,
161,47,Reese Heidenreich,Marvin,Actress
162,47,Roman O'Reilly,Ebert,Film Editor
163,47,,Olson,Film Editor
164,47,Warren Miller,Wunsch,Cinematographer
165,48,Belle Leannon,Bode,Production Designer
166,48,Herman Bogisich,,Actor
167,49,,Oberbrunner,Actress
168,49,Dillon Robel,,
169,49,Joelle Lebsack,Schoen,Music Composer
170,50,Alva Denesik,Reilly,Actor
171,50,Edd Hyatt,Zboncak,Production Designer
172,51,,Cummings,Production Designer
173,51,Rico Muller,Kertzmann,Film Editor
174,52,Elouise Gusikowski,Jenkins,Music Composer
175,52,Krystel Jast,Emmerich,
176,52,,Kuphal,Producer
177,52,Kendrick Gerhold,Senger,Director
178,53,Dante Will,Farrell,Screenwriter
179,53,Elza Roob,,Production Designer
180,53,Mireille Hoeger,Hickle,Production Designer
181,53,Sally Quigley,Champlin,Screenwriter
182,53,,Kshlerin,Screenwriter
183,54,Kaia Osinski,Schiller,Costume Designer
184,54,Jamaal Doyle,Bosco,Producer
185,54,Bud Witting,Schuster,Producer
186,54,Kaci Hermiston,Bosco,Production Designer
187,55,Nedra Keeling,Runolfsson,Cinematographer
188,55,Natalie Williamson,Wisoky,Film Editor
189,55,Lonzo O'Reilly,Schoen,Producer
190,56,Sydnie Barrows,Pfannerstill,Actor
191,56,Beryl Harber,Rippin,Director
192,56,Carmella Prosacco,Crooks,Screenwriter
193,56,,Kassulke,Director
194,57,Emmie Rodriguez,Howe,Music Composer
195,57,Blake Kuhic,Bradtke,Actor
196,57,Lemuel Gerhold,Runolfsson,Actress
197,57,Weldon Parisian,Veum,Director
198,58,Logan Hilll,,Music Composer
199,58,Mackenzie Walsh,Altenwerth,Music Composer
200,59,Ethelyn Balistreri,Cronin,Music Composer
201,59,Shanel Christiansen,Kovacek,Production Designer
202,60,,Ebert,Costume Designer
203,60,Reilly Towne,Paucek,Actress
204,61,,O'Keefe,Actress
205,61,Michel Kuphal,Will,
206,62,Oma Keeling,,Cinematographer
207,62,Elna Harvey,,Cinematographer
208,62,Mckenna Harber,Weimann,Costume Designer
209,63,Tate Stiedemann,,Director
210,64,Angie Kuphal,Kerluke,Music Composer
211,65,Desiree Ratke,Turner,
212,65,,,Cinematographer
213,65,Lenna Kulas,Boyle,Actress
214,65,Omari Schoen,Stark,
215,66,Helga Schmeler,Adams,Screenwriter
216,66,Lura Mitchell,Greenfelder,
217,66,Kaya Considine,Farrell,Production Designer
218,66,Willis Reilly,Moore,Costume Designer
219,67,Caterina Barton,,
220,67,Laura Denesik,,Screenwriter
221,67,Roma Medhurst,,Producer
222,67,Eliane Mayert,Littel,
223,68,Raleigh Kirlin,,Film Editor
224,69,Nolan Bins,Reichert,Costume Designer
225,69,Lawrence Strosin,Senger,
226,70,,Abbott,Cinematographer
227,70,Sven Haley,Lang,Film Editor
228,70,Enos Luettgen,Parisian,Cinematographer
229,71,Kiera Glover,Wisoky,Production Designer
230,72,,Will,Production Designer
231,72,Lacey Hane,Krajcik,Actress
232,72,Rex Lubowitz,Hudson,
233,72,,Gaylord,Cinematographer
234,73,Roselyn O'Keefe,Raynor,
235,73,Gunner Cummerata,Walsh,Screenwriter
236,74,Chyna O'Keefe,Mann,Producer
237,74,Gail Mitchell,Oberbrunner,Director
238,74,,Hackett,Screenwriter
239,74,Moriah Ledner,Ortiz,Cinematographer
240,75,Keyon O'Reilly,Moore,Music Composer
241,76,Suzanne Turcotte,,Production Designer
242,77,Jazmyn Sipes,Klein,Costume Designer
243,77,Shemar Bahringer,Keebler,Costume Designer
244,77,,,Actor
245,78,Belle Ankunding,Frami,
246,78,,Wilderman,Actress
247,78,Eldon Marquardt,Hahn,Costume Designer
248,79,,,
249,79,Ryann Jones,Kreiger,Film Editor
250,79,Sheila Schroeder,Renner,
251,79,Robbie Kassulke,,Producer
252,79,Bethel Yundt,Fisher,Screenwriter
253,80,Vaughn Renner,O'Connell,Actor
254,80,Jameson Jast,,Actress
255,81,Kenna Langosh,Reichel,Cinematographer
256,81,Simone Parker,Kirlin,Music Composer
257,81,,,Actress
258,81,Regan Bashirian,Auer,Producer
259,81,Alta Thompson,,Screenwriter
260,82,Ivah Douglas,Walter,Producer
261,82,Nya Abernathy,Beier,Actor
262,82,Giles Parisian,Bins,Music Composer
263,83,,Bernhard,Costume Designer
264,84,Piper Casper,Mills,Production Designer
265,84,,Hintz,Producer
266,84,Cody Waters,Gusikowski,Costume Designer
267,84,Annette Zulauf,DuBuque,Cinematographer
268,84,Vergie Hessel,Marks,Actress
269,85,,Hahn,Actor
270,85,Garry Pfannerstill,Turcotte,Production Designer
271,85,Emmanuel Walker,Mosciski,Costume Designer
272,85,Yvonne Wolff,Grimes,Music Composer
273,85,Simeon Bergstrom,Herzog,
274,86,Kenna Brakus,Klein,Producer
275,86,Lavina Kris,O'Reilly,Producer
276,87,Kariane Stiedemann,,Cinematographer
277,87,,,Director
278,87,Guillermo Homenick,Hackett,Cinematographer
279,88,Roma Kuhn,,Producer
280,89,Cooper Harvey,Hyatt,Music Composer
281,89,Evie Pacocha,Kilback,Costume Designer
282,89,Buford Macejkovic,D'Amore,
283,89,Susan Balistreri,Heaney,Actress
284,89,Noel Schultz,Grant,Costume Designer
285,90,Lucinda Christiansen,Klocko,
286,90,,,
287,90,Beatrice Hamill,Wisoky,Director
288,90,Arno Brown,Hahn,Screenwriter
289,90,Lupe Feeney,Swift,Screenwriter
290,91,Layne Corkery,Bartell,Costume Designer
291,91,,Ferry,Cinematographer
292,91,Katrina Hane,Langworth,Cinematographer
293,91,Armand Kovacek,Haag,Screenwriter
294,92,Alberta Zulauf,Lynch,Actress
295,92,Lenore Macejkovic,Hyatt,Actress
296,92,Savion Wolff,,Cinematographer
297,93,Adrian Marquardt,Hansen,Screenwriter
298,93,Martina Gleichner,Gerlach,Film Editor
299,94,Earnest Spencer,,Screenwriter
300,94,Alva Graham,,Music Composer
301,94,,Johnson,
302,94,Aida Crooks,Kreiger,Film Editor
303,94,Jairo Roob,,Actor
304,95,,Heathcote,Film Editor
305,95,Ivy Denesik,Maggio,Music Composer
306,95,Mellie Hessel,Orn,Producer
307,95,Doyle Zulauf,Ziemann,Actress
308,95,Alverta Bogisich,Bernhard,Actress
309,96,Chauncey Kulas,Connelly,Actress
310,96,,Gerhold,Actor
311,96,Granville Dickinson,Kunde,Production Designer
312,97,Sophie Towne,Metz,Actress
313,97,,Lueilwitz,Producer
314,97,,Towne,
315,97,Helmer Bayer,Gottlieb,Actress
316,98,Violet Labadie,Altenwerth,Production Designer
317,98,Lou Robel,Ankunding,Music Composer
318,98,,Smith,
319,99,,,Cinematographer
320,99,Jennyfer Schmitt,Purdy,Director
321,99,,Schultz,Actress
322,99,,Reichel,
323,100,,Jerde,Director
324,100,Micheal Welch,Quitzon,
325,100,,Yost,Actress
326,100,Myrl Mohr,Pagac,Actress
327,101,,Hansen,Costume Designer
328,101,Roscoe Buckridge,Hessel,
329,101,Rosamond Kilback,Zieme,Production Designer
330,102,,Vandervort,Actress
331,102,Fleta Kozey,Gleason,Actor
332,103,,Mohr,Production Designer
333,103,Brenden Jones,Sporer,Production Designer
334,103,Violet Krajcik,Torp,
335,103,Rickey Wunsch,Weber,Production Designer
336,104,Claud Kreiger,Tremblay,Music Composer
337,104,Omer Bradtke,Feeney,Actor
338,104,Brielle Wuckert,Stark,Actor
339,104,,Simonis,Music Composer
340,105,,Hermiston,Producer
341,105,Verna Walker,,Producer
342,105,,Will,Costume Designer
343,105,Dan Ritchie,,Actress
344,105,Miles Stanton,,Director
345,106,Olen Ernser,,Actress
346,106,Elmore Pagac,Ryan,
347,106,Kaleigh Mayer,,Actor
348,106,Hailie Stoltenberg,,Director
349,107,,Cremin,
350,108,Freddie Runolfsson,Kutch,
351,108,Imogene Torp,Nienow,Film Editor
352,108,Raina Shields,Dibbert,Director
353,108,,Olson,Producer
354,108,Walton MacGyver,Volkman,Actor
355,109,Andre Graham,,Film Editor
356,109,Nedra Ullrich,Kuvalis,Costume Designer
357,109,Arturo Will,Botsford,Actress
358,110,,Bogan,Screenwriter
359,111,Mohammad Rolfson,Hoppe,Music Composer
360,112,,Streich,Production Designer
361,113,Ashley Sporer,McGlynn,Producer
362,113,Arnold Doyle,Weimann,
363,113,Chanelle Abshire,Bosco,Screenwriter
364,113,Reyna Feeney,Wilkinson,Cinematographer
365,113,Taya Hand,Hegmann,
366,114,Lewis Lynch,,Costume Designer
367,114,,Hudson,Screenwriter
368,114,Benedict Murazik,Gaylord,Producer
369,115,Amaya Zieme,Pfeffer,Film Editor
370,115,Trycia Adams,Ledner,Actress
371,115,Kevin Hegmann,Yost,Music Composer
372,115,Vaughn Stokes,Wilkinson,Screenwriter
373,116,Liliane Johnson,Cummings,Music Composer
374,117,Yasmine Block,Jaskolski,Music Composer
375,117,,Rowe,Producer
376,117,Carli Gutkowski,Rolfson,Actor
377,117,Jacey Ziemann,Stamm,Costume Designer
378,118,Genesis Fay,Kutch,Film Editor
379,118,David Thompson,Sipes,Costume Designer
380,118,Matteo Hessel,Bergstrom,Music Composer
381,118,,Bauch,Director
382,119,Rudy Frami,Mertz,
383,119,Stuart O'Connell,Cartwright,Cinematographer
384,119,,Mayert,Production Designer
385,119,Westley Nicolas,O'Keefe,Cinematographer
386,120,Derek Effertz,,Costume Designer
387,120,,Jacobs,Actress
388,120,Elyssa Beatty,,Actor
